Season,Team,Predicted_Rank
2024-25,Denver Nuggets,1
2024-25,Boston Celtics,2
2024-25,Oklahoma City Thunder,3
2024-25,Los Angeles Clippers,4
2024-25,Indiana Pacers,5
2024-25,Milwaukee Bucks,6
2024-25,Chicago Bulls,7
2024-25,Detroit Pistons,8
2024-25,Sacramento Kings,9
2024-25,Minnesota Timberwolves,10
2024-25,Orlando Magic,11
2024-25,Cleveland Cavaliers,12
2024-25,New York Knicks,13
2024-25,Memphis Grizzlies,14
2024-25,Los Angeles Lakers,15
2024-25,Houston Rockets,16
2024-25,Dallas Mavericks,17
2024-25,Golden State Warriors,18
2024-25,Miami Heat,19
2024-25,Atlanta Hawks,20
